# ESP32-S3 N16R8 — 16 MB flash, dual-OTA ready.
# App slots are 64 KB-aligned. Current app ~1.5 MB → 4 MB/slot leaves headroom.
# "storage" FAT is only for MQTT PEM certs (cert_store); keep modest.
# Free tail (~6.75 MB from 0x920000) reserved for future (coredump, extra FS, …).
#
# Name,     Type, SubType, Offset,   Size,     Flags
nvs,        data, nvs,     0x9000,   0x10000,
otadata,    data, ota,     0x19000,  0x2000,
phy_init,   data, phy,     0x1b000,  0x1000,
ota_0,      app,  ota_0,   0x20000,  0x400000,
ota_1,      app,  ota_1,   0x420000, 0x400000,
storage,    data, fat,     0x820000, 0x100000,
